{
  "disenchantLevelCosts": [
    11,
    17,
    24,
    33,
    44
  ],
  "disenchantBaseDisenchantsAllowed": 1,
  "imbuingTableEnchantingEnabled": true,
  "imbuingTableReplaceEnchantingTable": false,
  "imbuingTableDifficultyModifier": 1.0,
  "imbuingTableMatchEasyMagicBehavior": true,
  "imbuingTableEasyMagicRerollEnabled": true,
  "imbuingTableEasyMagicLevelCost": 5,
  "imbuingTableEasyMagicLapisCost": 1,
  "imbuingTableEasyMagicShowTooltip": true,
  "imbuingTableEasyMagicSingleEnchantTooltip": true,
  "imbuingTableEasyMagicLenientBookshelves": false,
  "imbuingTableMatchRerollBehavior": true,
  "imbuingTableRerollLevelCost": 1,
  "imbuingTableRerollLapisCost": 0,
  "imbuingTableMatchEnhancementBehavior": true,
  "imbuingTableEnhancementLevelsPer": 5,
  "imbuingTableEnhancementLapisPer": 5,
  "imbuingTableMatchEasierEnchantingBehavior": true,
  "imbuingTableEasierEnchantingLapisCost": 6,
  "imbuingTableMatchBetterEnchantmentBoostingBehavior": true,
  "altarOfExperienceBaseLevels": 35,
  "altarOfExperienceCandleLevelsPer": 5,
  "altarOfExperienceCustomXpMethod": true
}