{
  "defaultColorMap": {
    "minecraft:diamond_ore": "#1ED0D6",
    "minecraft:deepslate_diamond_ore": "#1ED0D6",
    "minecraft:coal_ore": "#2A2A2A",
    "minecraft:deepslate_coal_ore": "#2A2A2A",
    "minecraft:copper_ore": "#E0734D",
    "minecraft:deepslate_copper_ore": "#E0734D",
    "minecraft:emerald_ore": "#17DD62",
    "minecraft:deepslate_emerald_ore": "#17DD62",
    "minecraft:gold_ore": "#FCEE4E",
    "minecraft:deepslate_gold_ore": "#FCEE4E",
    "minecraft:iron_ore": "#D8AF93",
    "minecraft:deepslate_iron_ore": "#D8AF93",
    "minecraft:lapis_ore": "#1034BD",
    "minecraft:deepslate_lapis_ore": "#1034BD",
    "minecraft:redstone_ore": "#FF0000",
    "minecraft:deepslate_redstone_ore": "#FF0000",
    "minecraft:nether_gold_ore": "#FCEE4E",
    "minecraft:nether_quartz_ore": "#FFFFFF",
    "minecraft:amethyst_cluster": "#A678F1",
    "minecraft:budding_amethyst": "#A678F1",
    "minecraft:small_amethyst_bud": "#A678F1",
    "minecraft:medium_amethyst_bud": "#A678F1",
    "minecraft:large_amethyst_bud": "#A678F1",
    "universal_ores:basalt_gold_ore": "#FCEE4E",
    "universal_ores:basalt_quartz_ore": "#FFFFFF",
    "universal_ores:blackstone_gold_ore": "#FCEE4E",
    "universal_ores:blackstone_quartz_ore": "#FFFFFF",
    "universal_ores:andesite_coal_ore": "#2A2A2A",
    "universal_ores:blunite_coal_ore": "#2A2A2A",
    "universal_ores:calcite_coal_ore": "#2A2A2A",
    "universal_ores:carbonite_coal_ore": "#2A2A2A",
    "universal_ores:diorite_coal_ore": "#2A2A2A",
    "universal_ores:granite_coal_ore": "#2A2A2A",
    "universal_ores:tuff_coal_ore": "#2A2A2A",
    "universal_ores:andesite_copper_ore": "#E0734D",
    "universal_ores:calcite_copper_ore": "#E0734D",
    "universal_ores:diorite_copper_ore": "#E0734D",
    "universal_ores:granite_copper_ore": "#E0734D",
    "universal_ores:tuff_copper_ore": "#E0734D",
    "universal_ores:andesite_diamond_ore": "#1ED0D6",
    "universal_ores:calcite_diamond_ore": "#1ED0D6",
    "universal_ores:carbonite_diamond_ore": "#1ED0D6",
    "universal_ores:diorite_diamond_ore": "#1ED0D6",
    "universal_ores:granite_diamond_ore": "#1ED0D6",
    "universal_ores:tuff_diamond_ore": "#1ED0D6",
    "universal_ores:andesite_emerald_ore": "#17DD62",
    "universal_ores:calcite_emerald_ore": "#17DD62",
    "universal_ores:diorite_emerald_ore": "#17DD62",
    "universal_ores:granite_emerald_ore": "#17DD62",
    "universal_ores:tuff_emerald_ore": "#17DD62",
    "universal_ores:andesite_gold_ore": "#FCEE4E",
    "universal_ores:calcite_gold_ore": "#FCEE4E",
    "universal_ores:diorite_gold_ore": "#FCEE4E",
    "universal_ores:granite_gold_ore": "#FCEE4E",
    "universal_ores:tuff_gold_ore": "#FCEE4E",
    "universal_ores:andesite_iron_ore": "#D8AF93",
    "universal_ores:calcite_iron_ore": "#D8AF93",
    "universal_ores:diorite_iron_ore": "#D8AF93",
    "universal_ores:granite_iron_ore": "#D8AF93",
    "universal_ores:tuff_iron_ore": "#D8AF93",
    "universal_ores:andesite_lapis_ore": "#1034BD",
    "universal_ores:calcite_lapis_ore": "#1034BD",
    "universal_ores:diorite_lapis_ore": "#1034BD",
    "universal_ores:granite_lapis_ore": "#1034BD",
    "universal_ores:tuff_lapis_ore": "#1034BD",
    "universal_ores:andesite_redstone_ore": "#FF0000",
    "universal_ores:calcite_redstone_ore": "#FF0000",
    "universal_ores:diorite_redstone_ore": "#FF0000",
    "universal_ores:granite_redstone_ore": "#FF0000",
    "universal_ores:tuff_redstone_ore": "#FF0000",
    "pigsteel:pigsteel_ore": "#A6889D",
    "pigsteel:stone_pigsteel_ore": "#A6889D",
    "pigsteel:deepslate_pigsteel_ore": "#A6889D",
    "bno:ore_nethercoal": "#2A2A2A",
    "bno:ore_nethercopper": "#E0734D",
    "bno:ore_netherdiamond": "#1ED0D6",
    "bno:ore_netheremerald": "#17DD62",
    "bno:ore_nethergold": "#FCEE4E",
    "bno:ore_netheriron": "#D8AF93",
    "bno:ore_netherlapis": "#1034BD",
    "bno:ore_netherredstone": "#FF0000",
    "bno:ore_nethertin": "#9F7F7B",
    "gobber2:gobber2_ore": "#548EC8",
    "gobber2:gobber2_ore_nether": "#FF714E",
    "gobber2:gobber2_ore_end": "#298082",
    "mythicmetals:adamantite_ore": "#971F28",
    "mythicmetals:deepslate_adamantite_ore": "#971F28",
    "mythicmetals:aquarium_ore": "#61A6C2",
    "mythicmetals:banglum_ore": "#744329",
    "mythicmetals:nether_banglum_ore": "#744329",
    "mythicmetals:kyber_ore": "#68458B",
    "mythicmetals:calcite_kyber_ore": "#68458B",
    "mythicmetals:starrite_ore": "#E46DD3",
    "mythicmetals:calcite_starrite_ore": "#E46DD3",
    "mythicmetals:end_stone_starrite_ore": "#E46DD3",
    "mythicmetals:carmot_ore": "#AA2274",
    "mythicmetals:deepslate_carmot_ore": "#AA2274",
    "mythicmetals:manganese_ore": "#C7819E",
    "mythicmetals:midas_gold_ore": "#FCEE4E",
    "mythicmetals:morkite_ore": "#1E97B5",
    "mythicmetals:deepslate_morkite_ore": "#1E97B5",
    "mythicmetals:mythril_ore": "#376F8B",
    "mythicmetals:deepslate_mythril_ore": "#376F8B",
    "mythicmetals:orichalcum_ore": "#4B9266",
    "mythicmetals:deepslate_orichalcum_ore": "#4B9266",
    "mythicmetals:smooth_basalt_orichalcum_ore": "#4B9266",
    "mythicmetals:tuff_orichalcum_ore": "#4B9266",
    "mythicmetals:osmium_ore": "#91AACC",
    "mythicmetals:palladium_ore": "#D45A12",
    "mythicmetals:prometheum_ore": "#669137",
    "mythicmetals:deepslate_prometheum_ore": "#669137",
    "mythicmetals:quadrillum_ore": "#495055",
    "mythicmetals:runite_ore": "#309EC9",
    "mythicmetals:silver_ore": "#9BAEC1",
    "mythicmetals:tin_ore": "#9F7F7B",
    "sulfurpotassiummod:potassium_ore": "#C1C9CB",
    "sulfurpotassiummod:sulfur_ore": "#D1BA1E",
    "sulfurpotassiummod:nether_sulfur_ore": "#C1C9CB",
    "gemsandcrystals:amethyst_ore": "#A678F1",
    "gemsandcrystals:deepslate_amethyst_ore": "#A678F1",
    "gemsandcrystals:quartz_ore": "#FFFFFF",
    "gemsandcrystals:deepslate_quartz_ore": "#FFFFFF",
    "gemsandcrystals:ruby_ore": "#981C38",
    "gemsandcrystals:deepslate_ruby_ore": "#981C38",
    "gemsandcrystals:sapphire_ore": "#1C3898",
    "gemsandcrystals:deepslate_sapphire_ore": "#1C3898",
    "gemsandcrystals:topaz_ore": "#B17821",
    "gemsandcrystals:deepslate_topaz_ore": "#B17821",
    "denseores:dense_diamond_ore": "#1ED0D6",
    "denseores:dense_deepslate_diamond_ore": "#1ED0D6",
    "denseores:dense_coal_ore": "#2A2A2A",
    "denseores:dense_deepslate_coal_ore": "#2A2A2A",
    "denseores:dense_copper_ore": "#E0734D",
    "denseores:dense_deepslate_copper_ore": "#E0734D",
    "denseores:dense_emerald_ore": "#17DD62",
    "denseores:deepslate_emerald_ore": "#17DD62",
    "denseores:dense_gold_ore": "#FCEE4E",
    "denseores:dense_deepslate_gold_ore": "#FCEE4E",
    "denseores:dense_iron_ore": "#D8AF93",
    "denseores:dense_deepslate_iron_ore": "#D8AF93",
    "denseores:dense_lapis_ore": "#1034BD",
    "denseores:dense_deepslate_lapis_ore": "#1034BD",
    "denseores:dense_redstone_ore": "#FF0000",
    "denseores:dense_deepslate_redstone_ore": "#FF0000",
    "denseores:dense_nether_gold_ore": "#FCEE4E",
    "denseores:dense_nether_quartz_ore": "#FFFFFF",
    "enderitemod:enderite_ore": "#144038",
    "adabranium_mod:adamantine_ore": "#115553",
    "adabranium_mod:deepslate_adamantine_ore": "#115553",
    "adabranium_mod:vibranium_ore": "#664EAE",
    "adabranium_mod:deepslate_vibranium_ore": "#664EAE",
    "techreborn:bauxite_ore": "#A07056",
    "techreborn:cinnabar_ore": "#A07056",
    "techreborn:copper_ore": "#E0734D",
    "techreborn:galena_ore": "#7C737F",
    "techreborn:lead_ore": "#4D4A56",
    "techreborn:peridot_ore": "#95C452",
    "techreborn:peridot_ore_stone": "#95C452",
    "techreborn:pyrite_ore": "#C97153",
    "techreborn:ruby_ore": "#981C38",
    "techreborn:sapphire_ore": "#1C3898",
    "techreborn:sheldonite_ore": "#869AA8",
    "techreborn:sheldonite_ore_stone": "#869AA8",
    "techreborn:silver_ore": "#9BAEC1",
    "techreborn:sodalite_ore": "#37446C",
    "techreborn:sodalite_ore_stone": "#37446C",
    "techreborn:sphalerite_ore": "#98A36B",
    "techreborn:tin_ore": "#9F7F7B",
    "techreborn:deepslate_bauxite_ore": "#A07056",
    "techreborn:deepslate_galena_ore": "#7C737F",
    "techreborn:deepslate_lead_ore": "#4D4A56",
    "techreborn:deepslate_peridot_ore": "#95C452",
    "techreborn:deepslate_ruby_ore": "#981C38",
    "techreborn:deepslate_sapphire_ore": "#1C3898",
    "techreborn:deepslate_sheldonite_ore": "#869AA8",
    "techreborn:deepslate_silver_ore": "#9BAEC1",
    "techreborn:deepslate_sodalite_ore": "#37446C",
    "techreborn:deepslate_tin_ore": "#9F7F7B",
    "indrev:nikolite_ore": "#005856",
    "indrev:tin_ore": "#9F7F7B",
    "indrev:lead_ore": "#4D4A56",
    "indrev:silver_ore": "#9BAEC1",
    "astromine:asteroid_diamond_ore": "#1ED0D6",
    "astromine:asteroid_coal_ore": "#2A2A2A",
    "astromine:asteroid_copper_ore": "#E0734D",
    "astromine:asteroid_emerald_ore": "#17DD62",
    "astromine:asteroid_gold_ore": "#FCEE4E",
    "astromine:asteroid_iron_ore": "#D8AF93",
    "astromine:asteroid_lapis_ore": "#1034BD",
    "astromine:asteroid_redstone_ore": "#FF0000",
    "astromine:asteroid_asterite_ore": "#DD4B4B",
    "astromine:asteroid_galaxium_ore": "#673685",
    "astromine:lead_ore": "#4D4A56",
    "astromine:asteroid_lead_ore": "#4D4A56",
    "astromine:deepslate_lead_ore": "#4D4A56",
    "astromine:asteroid_metite_ore": "#F781FF",
    "astromine:meteor_metite_ore": "#F781FF",
    "astromine:silver_ore": "#9BAEC1",
    "astromine:asteroid_silver_ore": "#9BAEC1",
    "astromine:deepslate_silver_ore": "#9BAEC1",
    "astromine:stellum_ore": "#FCB66C",
    "astromine:asteroid_stellum_ore": "#FCB66C",
    "astromine:tin_ore": "#9F7F7B",
    "astromine:asteroid_tin_ore": "#9F7F7B",
    "astromine:deepslate_tin_ore": "#9F7F7B",
    "astromine:copper_ore": "#E0734D",
    "mores:andesite_coal_ore": "#2A2A2A",
    "mores:diorite_coal_ore": "#2A2A2A",
    "mores:granite_coal_ore": "#2A2A2A",
    "mores:tuff_coal_ore": "#2A2A2A",
    "mores:andesite_copper_ore": "#E0734D",
    "mores:diorite_copper_ore": "#E0734D",
    "mores:granite_copper_ore": "#E0734D",
    "mores:tuff_copper_ore": "#E0734D",
    "mores:andesite_diamond_ore": "#1ED0D6",
    "mores:diorite_diamond_ore": "#1ED0D6",
    "mores:granite_diamond_ore": "#1ED0D6",
    "mores:tuff_diamond_ore": "#1ED0D6",
    "mores:andesite_emerald_ore": "#17DD62",
    "mores:diorite_emerald_ore": "#17DD62",
    "mores:granite_emerald_ore": "#17DD62",
    "mores:tuff_emerald_ore": "#17DD62",
    "mores:andesite_gold_ore": "#FCEE4E",
    "mores:diorite_gold_ore": "#FCEE4E",
    "mores:granite_gold_ore": "#FCEE4E",
    "mores:tuff_gold_ore": "#FCEE4E",
    "mores:andesite_iron_ore": "#D8AF93",
    "mores:diorite_iron_ore": "#D8AF93",
    "mores:granite_iron_ore": "#D8AF93",
    "mores:tuff_iron_ore": "#D8AF93",
    "mores:andesite_lapis_ore": "#1034BD",
    "mores:diorite_lapis_ore": "#1034BD",
    "mores:granite_lapis_ore": "#1034BD",
    "mores:tuff_lapis_ore": "#1034BD",
    "mores:andesite_redstone_ore": "#FF0000",
    "mores:diorite_redstone_ore": "#FF0000",
    "mores:granite_redstone_ore": "#FF0000",
    "mores:tuff_redstone_ore": "#FF0000",
    "betternether:cincinnasite_ore": "#BB9D52",
    "betternether:nether_lapis_ore": "#1034BD",
    "betternether:nether_redstone_ore": "#FF0000",
    "betternether:nether_ruby_ore": "#CE1425",
    "bewitchment:salt_ore": "#E3E3C6",
    "bewitchment:silver_ore": "#9BAEC1",
    "bewitchment:deepslate_salt_ore": "#E3E3C6",
    "bewitchment:deepslate_silver_ore": "#9BAEC1",
    "things:gleaming_ore": "#DE5C5C",
    "things:deepslate_gleaming_ore": "#DE5C5C",
    "things:redstone_ore": "#FF0000",
    "endreborn:essence_ore": "#6006AB",
    "endreborn:wolfranium_ore": "#FF0000",
    "the_aether:ambrosium_ore": "#E6DA57",
    "the_aether:gravitite_ore": "#F593E9",
    "the_aether:zanite_ore": "#966BBE",
    "atlantis:aquamarine_ore": "#71DEE2",
    "endrem:end_crystal_ore": "#F093AC",
    "enderscape:nebulite_ore": "#B328D2",
    "enderscape:shadow_quartz_ore": "#22443D",
    "lithereal:litherite_ore": "#54F6FF",
    "lithereal:deepslate_litherite_ore": "#54F6FF",
    "thehallow:hallowed_ore": "#A3A2EA",
    "beo:end_coal_ore": "#2A2A2A",
    "beo:end_copper_ore": "#E0734D",
    "beo:end_diamond_ore": "#1ED0D6",
    "beo:end_emerald_ore": "#17DD62",
    "beo:end_gold_ore": "#FCEE4E",
    "beo:end_iron_ore": "#D8AF93",
    "beo:end_lapis_ore": "#1034BD",
    "beo:end_redstone_ore": "#FF0000",
    "beo:end_tin_ore": "#9F7F7B",
    "beo:end_aluminum_ore": "#D0D0D0",
    "beo:end_lead_ore": "#4D4A56",
    "beo:end_nickel_ore": "#B3AF65",
    "beo:end_osmium_ore": "#91AACC",
    "beo:end_silver_ore": "#9BAEC1",
    "beo:end_uranium_ore": "#008400",
    "lightstones:lightstone_ore": "#EABE30",
    "lightstones:blightstone_ore": "#CA30EA",
    "dimores:end_coal_ore": "#2A2A2A",
    "dimores:end_copper_ore": "#E0734D",
    "dimores:end_diamond_ore": "#1ED0D6",
    "dimores:end_emerald_ore": "#17DD62",
    "dimores:end_gold_ore": "#FCEE4E",
    "dimores:end_iron_ore": "#D8AF93",
    "dimores:end_lapis_ore": "#1034BD",
    "dimores:end_redstone_ore": "#FF0000",
    "dimores:nether_coal_ore": "#2A2A2A",
    "dimores:nether_copper_ore": "#E0734D",
    "dimores:nether_diamond_ore": "#1ED0D6",
    "dimores:nether_emerald_ore": "#17DD62",
    "dimores:nether_gold_ore": "#FCEE4E",
    "dimores:nether_iron_ore": "#D8AF93",
    "dimores:nether_lapis_ore": "#1034BD",
    "dimores:nether_redstone_ore": "#FF0000",
    "dimores:quartz_ore": "#FFFFFF",
    "unearthed:beige_limestone_coal_ore": "#2A2A2A",
    "unearthed:beige_limestone_copper_ore": "#E0734D",
    "unearthed:beige_limestone_diamond_ore": "#1ED0D6",
    "unearthed:beige_limestone_emerald_ore": "#17DD62",
    "unearthed:beige_limestone_gold_ore": "#FCEE4E",
    "unearthed:beige_limestone_iron_ore": "#D8AF93",
    "unearthed:beige_limestone_lapis_ore": "#1034BD",
    "unearthed:beige_limestone_redstone_ore": "#FF0000",
    "unearthed:conglomerate_coal_ore": "#2A2A2A",
    "unearthed:conglomerate_copper_ore": "#E0734D",
    "unearthed:conglomerate_diamond_ore": "#1ED0D6",
    "unearthed:conglomerate_emerald_ore": "#17DD62",
    "unearthed:conglomerate_gold_ore": "#FCEE4E",
    "unearthed:conglomerate_iron_ore": "#D8AF93",
    "unearthed:conglomerate_lapis_ore": "#1034BD",
    "unearthed:conglomerate_redstone_ore": "#FF0000",
    "unearthed:gabbro_coal_ore": "#2A2A2A",
    "unearthed:gabbro_copper_ore": "#E0734D",
    "unearthed:gabbro_diamond_ore": "#1ED0D6",
    "unearthed:gabbro_emerald_ore": "#17DD62",
    "unearthed:gabbro_gold_ore": "#FCEE4E",
    "unearthed:gabbro_iron_ore": "#D8AF93",
    "unearthed:gabbro_lapis_ore": "#1034BD",
    "unearthed:gabbro_redstone_ore": "#FF0000",
    "unearthed:granodiorite_coal_ore": "#2A2A2A",
    "unearthed:granodiorite_copper_ore": "#E0734D",
    "unearthed:granodiorite_diamond_ore": "#1ED0D6",
    "unearthed:granodiorite_emerald_ore": "#17DD62",
    "unearthed:granodiorite_gold_ore": "#FCEE4E",
    "unearthed:granodiorite_iron_ore": "#D8AF93",
    "unearthed:granodiorite_lapis_ore": "#1034BD",
    "unearthed:granodiorite_redstone_ore": "#FF0000",
    "unearthed:grey_limestone_coal_ore": "#2A2A2A",
    "unearthed:grey_limestone_copper_ore": "#E0734D",
    "unearthed:grey_limestone_diamond_ore": "#1ED0D6",
    "unearthed:grey_limestone_emerald_ore": "#17DD62",
    "unearthed:grey_limestone_gold_ore": "#FCEE4E",
    "unearthed:grey_limestone_iron_ore": "#D8AF93",
    "unearthed:grey_limestone_lapis_ore": "#1034BD",
    "unearthed:grey_limestone_redstone_ore": "#FF0000",
    "unearthed:kimberlite_diamond_ore": "#1ED0D6",
    "unearthed:limestone_coal_ore": "#2A2A2A",
    "unearthed:limestone_copper_ore": "#E0734D",
    "unearthed:limestone_diamond_ore": "#1ED0D6",
    "unearthed:limestone_emerald_ore": "#17DD62",
    "unearthed:limestone_gold_ore": "#FCEE4E",
    "unearthed:limestone_iron_ore": "#D8AF93",
    "unearthed:limestone_lapis_ore": "#1034BD",
    "unearthed:limestone_redstone_ore": "#FF0000",
    "unearthed:mudstone_coal_ore": "#2A2A2A",
    "unearthed:mudstone_copper_ore": "#E0734D",
    "unearthed:mudstone_diamond_ore": "#1ED0D6",
    "unearthed:mudstone_emerald_ore": "#17DD62",
    "unearthed:mudstone_gold_ore": "#FCEE4E",
    "unearthed:mudstone_iron_ore": "#D8AF93",
    "unearthed:mudstone_lapis_ore": "#1034BD",
    "unearthed:mudstone_redstone_ore": "#FF0000",
    "unearthed:phyllite_coal_ore": "#2A2A2A",
    "unearthed:phyllite_copper_ore": "#E0734D",
    "unearthed:phyllite_diamond_ore": "#1ED0D6",
    "unearthed:phyllite_emerald_ore": "#17DD62",
    "unearthed:phyllite_gold_ore": "#FCEE4E",
    "unearthed:phyllite_iron_ore": "#D8AF93",
    "unearthed:phyllite_lapis_ore": "#1034BD",
    "unearthed:phyllite_redstone_ore": "#FF0000",
    "unearthed:quartzite_coal_ore": "#2A2A2A",
    "unearthed:quartzite_copper_ore": "#E0734D",
    "unearthed:quartzite_diamond_ore": "#1ED0D6",
    "unearthed:quartzite_emerald_ore": "#17DD62",
    "unearthed:quartzite_gold_ore": "#FCEE4E",
    "unearthed:quartzite_iron_ore": "#D8AF93",
    "unearthed:quartzite_lapis_ore": "#1034BD",
    "unearthed:quartzite_redstone_ore": "#FF0000",
    "unearthed:rhyolite_coal_ore": "#2A2A2A",
    "unearthed:rhyolite_copper_ore": "#E0734D",
    "unearthed:rhyolite_diamond_ore": "#1ED0D6",
    "unearthed:rhyolite_emerald_ore": "#17DD62",
    "unearthed:rhyolite_gold_ore": "#FCEE4E",
    "unearthed:rhyolite_iron_ore": "#D8AF93",
    "unearthed:rhyolite_lapis_ore": "#1034BD",
    "unearthed:rhyolite_redstone_ore": "#FF0000",
    "unearthed:sandstone_coal_ore": "#2A2A2A",
    "unearthed:sandstone_copper_ore": "#E0734D",
    "unearthed:sandstone_diamond_ore": "#1ED0D6",
    "unearthed:sandstone_emerald_ore": "#17DD62",
    "unearthed:sandstone_gold_ore": "#FCEE4E",
    "unearthed:sandstone_iron_ore": "#D8AF93",
    "unearthed:sandstone_lapis_ore": "#1034BD",
    "unearthed:sandstone_redstone_ore": "#FF0000",
    "unearthed:siltstone_coal_ore": "#2A2A2A",
    "unearthed:siltstone_copper_ore": "#E0734D",
    "unearthed:siltstone_diamond_ore": "#1ED0D6",
    "unearthed:siltstone_emerald_ore": "#17DD62",
    "unearthed:siltstone_gold_ore": "#FCEE4E",
    "unearthed:siltstone_iron_ore": "#D8AF93",
    "unearthed:siltstone_lapis_ore": "#1034BD",
    "unearthed:siltstone_redstone_ore": "#FF0000",
    "unearthed:slate_coal_ore": "#2A2A2A",
    "unearthed:slate_copper_ore": "#E0734D",
    "unearthed:slate_diamond_ore": "#1ED0D6",
    "unearthed:slate_emerald_ore": "#17DD62",
    "unearthed:slate_gold_ore": "#FCEE4E",
    "unearthed:slate_iron_ore": "#D8AF93",
    "unearthed:slate_lapis_ore": "#1034BD",
    "unearthed:slate_redstone_ore": "#FF0000",
    "unearthed:white_granite_coal_ore": "#2A2A2A",
    "unearthed:white_granite_copper_ore": "#E0734D",
    "unearthed:white_granite_diamond_ore": "#1ED0D6",
    "unearthed:white_granite_emerald_ore": "#17DD62",
    "unearthed:white_granite_gold_ore": "#FCEE4E",
    "unearthed:white_granite_iron_ore": "#D8AF93",
    "unearthed:white_granite_lapis_ore": "#1034BD",
    "unearthed:white_granite_redstone_ore": "#FF0000",
    "platinum:platinum_ore": "#C2C5E5",
    "platinum:deepslate_platinum_ore": "#C2C5E5",
    "simplyplatinum:platinum_ore": "#C2C5E5",
    "simplyplatinum:nether_platinum_ore": "#C2C5E5",
    "simplyplatinum:deepslate_platinum_ore": "#C2C5E5",
    "enriched:ruby_ore": "#CE1425",
    "enriched:sapphire_ore": "#1C3898",
    "enriched:tanzanite_ore": "#4900B8",
    "enriched:deepslate_ruby_ore": "#CE1425",
    "enriched:deepslate_sapphire_ore": "#1C3898",
    "enriched:deepslate_tanzanite_ore": "#4900B8",
    "hellish-materials:batet_ore": "#6E401B",
    "hellish-materials:luss_ore": "#F2DF6E",
    "hellish-materials:vuld_ore": "#704090",
    "dirtmonds:dirtmond_ore": "#1ED0D6",
    "enderores:end_coal_ore": "#2A2A2A",
    "enderores:end_copper_ore": "#E0734D",
    "enderores:end_diamond_ore": "#1ED0D6",
    "enderores:end_emerald_ore": "#17DD62",
    "enderores:end_gold_ore": "#FCEE4E",
    "enderores:end_iron_ore": "#D8AF93",
    "enderores:end_lapis_ore": "#1034BD",
    "enderores:end_redstone_ore": "#FF0000",
    "terracraft:heart_crystal_ore": "#F73473",
    "terracraft:deepslate_heart_crystal_ore": "#F73473",
    "ae2:quartz_ore_0": "#AFCFF2",
    "ae2:quartz_ore_1": "#AFCFF2",
    "ae2:quartz_ore_2": "#AFCFF2",
    "ae2:quartz_ore_3": "#AFCFF2",
    "ae2:deepslate_quartz_ore_0": "#AFCFF2",
    "ae2:deepslate_quartz_ore_1": "#AFCFF2",
    "ae2:deepslate_quartz_ore_2": "#AFCFF2",
    "ae2:deepslate_quartz_ore_3": "#AFCFF2",
    "modern_industrialization:quartz_ore": "#FFFFFF",
    "tierability:t1_ore": "#6BCF45",
    "tierability:t2_ore": "#4570BA",
    "neutrino:tanzanite": "#4900B8",
    "more_gems:alexandrite_ore": "#5A8FCF",
    "more_gems:alexandrite_ore_nether": "#5A8FCF",
    "more_gems:carbonado_ore": "#A75392",
    "more_gems:carbonado_ore_deepslate": "#A75392",
    "more_gems:citrine_ore": "#E7BA39",
    "more_gems:corundrum_ore": "#CE1425",
    "more_gems:corundrum_ore_nether": "#CE1425",
    "more_gems:kunzite_ore": "#BF76CF",
    "more_gems:kunzite_ore_nether": "#BF76CF",
    "more_gems:moissanite_ore": "#FF7000",
    "more_gems:sapphire_ore": "#1C3898",
    "more_gems:sapphire_ore_deepslate": "#1C3898",
    "more_gems:spinel_ore": "#FF5648",
    "more_gems:spinel_ore_deepslate": "#FF5648",
    "more_gems:topaz_ore": "#B17821",
    "more_gems:tourmaline_ore": "#38AD51",
    "mysticalagriculture:inferium_ore": "#556800",
    "mysticalagriculture:prosperity_ore": "#D1FFFF",
    "mysticalagriculture:soulium_ore": "#8C563C",
    "postmateria:soulblaze_ore": "#95FBF7",
    "postmateria:phantasmite_ore": "#E987CE",
    "pswg:beskar_ore": "#E0DEE9",
    "pswg:chromium_ore": "#C0C0D6",
    "pswg:cortosis_ore": "#816368",
    "pswg:desh_ore": "#D9A270",
    "pswg:diatium_ore": "#D8E5BA",
    "pswg:exonium_ore": "#CDA15E",
    "pswg:helicite_ore": "#E7FF91",
    "pswg:ionite_ore": "#1A57B8",
    "pswg:kelerium_ore": "#C2F5B0",
    "pswg:lommite_ore": "#BBC3D5",
    "pswg:rubindum_ore": "#F67C4E",
    "pswg:thorilide_ore": "#F07017",
    "pswg:titanium_ore": "#A9B5E0",
    "pswg:zersium_ore": "#38445A",
    "enva:titanium_ore": "#A9B5E0",
    "agape_space:aluminum_ore": "#D0D0D0",
    "agape_space:deepslate_aluminum_ore": "#D0D0D0",
    "agape_space:titanium_ore": "#A9B5E0",
    "magnificent_malachite:malachite_ore": "#3D9E76",
    "killmods:amethyst_ore": "#A678F1",
    "killmods:dark_ore": "#7B2E2E",
    "killmods:kreknorite_ore": "#480000",
    "killmods:rubys_ore": "#981C38",
    "killmods:sapphire_ore": "#1C3898",
    "armortoolsores:amethyst_ore": "#A678F1",
    "armortoolsores:ruby_ore": "#981C38",
    "armortoolsores:sapphire_ore": "#1C3898",
    "armortoolsores:topaz_ore": "#B17821",
    "resourceoverhaul:end_coal_ore": "#2A2A2A",
    "resourceoverhaul:end_copper_ore": "#E0734D",
    "resourceoverhaul:end_diamond_ore": "#1ED0D6",
    "resourceoverhaul:end_emerald_ore": "#17DD62",
    "resourceoverhaul:end_gold_ore": "#FCEE4E",
    "resourceoverhaul:end_iron_ore": "#D8AF93",
    "resourceoverhaul:end_lapis_ore": "#1034BD",
    "resourceoverhaul:end_redstone_ore": "#FF0000",
    "resourceoverhaul:end_quartz_ore": "#FFFFFF",
    "resourceoverhaul:nether_coal_ore": "#2A2A2A",
    "resourceoverhaul:nether_copper_ore": "#E0734D",
    "resourceoverhaul:nether_diamond_ore": "#1ED0D6",
    "resourceoverhaul:nether_emerald_ore": "#17DD62",
    "resourceoverhaul:nether_gold_ore": "#FCEE4E",
    "resourceoverhaul:nether_iron_ore": "#D8AF93",
    "resourceoverhaul:nether_lapis_ore": "#1034BD",
    "resourceoverhaul:nether_redstone_ore": "#FF0000",
    "resourceoverhaul:nether_quartz_ore": "#FFFFFF",
    "resourceoverhaul:californium_ore": "#16711B",
    "resourceoverhaul:deepslate_californium_ore": "#16711B",
    "resourceoverhaul:end_californium_ore": "#16711B",
    "resourceoverhaul:nether_californium_ore": "#16711B",
    "resourceoverhaul:iron_pyrite_ore": "#EB9D0E",
    "resourceoverhaul:deepslate_iron_pyrite_ore": "#EB9D0E",
    "resourceoverhaul:nether_iron_pyrite_ore": "#EB9D0E",
    "resourceoverhaul:end_iron_pyrite_ore": "#EB9D0E",
    "resourceoverhaul:rhodium_ore": "#E0E0E0",
    "resourceoverhaul:deepslate_rhodium_ore": "#E0E0E0",
    "resourceoverhaul:nether_rhodium_ore": "#E0E0E0",
    "resourceoverhaul:end_rhodium_ore": "#E0E0E0",
    "resourceoverhaul:ruby_ore": "#981C38",
    "resourceoverhaul:deepslate_ruby_ore": "#981C38",
    "resourceoverhaul:nether_ruby_ore": "#981C38",
    "resourceoverhaul:end_ruby_ore": "#981C38",
    "resourceoverhaul:titanium_ore": "#A9B5E0",
    "resourceoverhaul:deepslate_titanium_ore": "#A9B5E0",
    "resourceoverhaul:nether_titanium_ore": "#A9B5E0",
    "resourceoverhaul:end_titanium_ore": "#A9B5E0",
    "orerevolution:alog_ore": "#A0572E",
    "orerevolution:apple_ore": "#DB0F1E",
    "orerevolution:arrow_ore": "#DB0F1E",
    "orerevolution:blaze_ore": "#DB0F1E",
    "orerevolution:blog_ore": "#DB0F1E",
    "orerevolution:bone_ore": "#FFFFFF",
    "orerevolution:carrot_ore": "#FF8E09",
    "orerevolution:cookie_ore": "#E89850",
    "orerevolution:cstem_ore": "#803A56",
    "orerevolution:dlog_ore": "#4A3019",
    "orerevolution:enchanted_golden_apple_ore": "#FFFEB9",
    "orerevolution:ender_eye_ore": "#71AC49",
    "orerevolution:ender_pearl_ore": "#105E51",
    "orerevolution:experience_ore": "#C6EB82",
    "orerevolution:feather_ore": "#FFFFFF",
    "orerevolution:firework_ore": "#992929",
    "orerevolution:gunpowder_ore": "#5F5F5F",
    "orerevolution:heart_sea_ore": "#1F96B1",
    "orerevolution:jlog_ore": "#9D6F4B",
    "orerevolution:leather_ore": "#D16841",
    "orerevolution:melon_slice_ore": "#D16841",
    "orerevolution:nautilus_shell_ore": "#D16841",
    "orerevolution:olog_ore": "#9C7F47",
    "orerevolution:paper_ore": "#FCFCF2",
    "orerevolution:phantom_membrane_ore": "#C3B9A1",
    "orerevolution:potato_ore": "#C3B9A1",
    "orerevolution:quartz_ore": "#FFFFFF",
    "orerevolution:raw_beef_ore": "#E2534A",
    "orerevolution:raw_porkchop_ore": "#FF7777",
    "orerevolution:raw_salmon_ore": "#FF7777",
    "orerevolution:scute_ore": "#FF7777",
    "orerevolution:slime_ball_ore": "#87D57B",
    "orerevolution:slog_ore": "#654E2F",
    "orerevolution:string_ore": "#FFFFFF",
    "orerevolution:sugar_cane_ore": "#654E2F",
    "orerevolution:wstem_ore": "#276E66",
    "tee:sulphur_ore": "#D1BA1E",
    "tee:epraynium_ore": "#6736D2",
    "tee:end_diamond_ore": "#1ED0D6",
    "tee:end_emerald_ore": "#17DD62",
    "tee:end_gold_ore": "#FCEE4E",
    "tee:end_iron_ore": "#D8AF93",
    "tee:end_lapis_ore": "#1034BD",
    "tee:end_redstone_ore": "#FF0000"
  },
  "defaultRainbowList": [
    "minecraft:ancient_debris",
    "mythicmetals:stormyx_ore",
    "mythicmetals:blackstone_stormyx_ore",
    "mythicmetals:unobtanium_ore",
    "mythicmetals:deepslate_unobtanium_ore",
    "mythicmetals:platinum_ore",
    "techreborn:iridium_ore",
    "techreborn:tungsten_ore",
    "techreborn:deepslate_iridium_ore",
    "techreborn:deepslate_tungsten_ore",
    "indrev:tungsten_ore",
    "indrev:deepslate_tungsten_ore",
    "denseores:dense_ancient_debris",
    "things:radiant_ore",
    "randore:random_ore",
    "randore:nether_random_ore",
    "randore:end_random_ore",
    "randore:deepslate_random_ore",
    "postmateria:deepslate_tungsten_ore",
    "orerevolution:nether_star_ore"
  ],
  "modColorMap": {},
  "modRainbowList": []
}