{
  "enableDesertWorkshops": true,
  "desertWorkshopWeight": 1,
  "enablePlainsWorkshops": true,
  "plainsWorkshopWeight": 2,
  "enableSavannaWorkshops": true,
  "savannaWorkshopWeight": 2,
  "enableSnowyWorkshops": true,
  "snowyWorkshopWeight": 1,
  "enableTaigaWorkshops": true,
  "taigaWorkshopWeight": 2,
  "enableCtovWorkshops": true,
  "ctovBeachWorkshopWeight": 4,
  "ctovDarkForestWorkshopWeight": 4,
  "ctovJungleWorkshopWeight": 4,
  "ctovJungleTreeWorkshopWeight": 4,
  "ctovMesaWorkshopWeight": 4,
  "ctovMesaFortifiedWorkshopWeight": 4,
  "ctovMountainWorkshopWeight": 4,
  "ctovMountainAlpineWorkshopWeight": 4,
  "ctovMushroomWorkshopWeight": 4,
  "ctovSwampWorkshopWeight": 4,
  "ctovSwampFortifiedWorkshopWeight": 4,
  "enableRsWorkshops": true,
  "rsBadlandsWorkshopWeight": 2,
  "rsBirchWorkshopWeight": 2,
  "rsDarkForestWorkshopWeight": 2,
  "rsGiantTaigaWorkshopWeight": 1,
  "rsJungleWorkshopWeight": 2,
  "rsMountainsWorkshopWeight": 2,
  "rsMushroomsWorkshopWeight": 2,
  "rsOakWorkshopWeight": 2,
  "rsSwampWorkshopWeight": 2,
  "rsCrimsonWorkshopWeight": 2,
  "rsWarpedWorkshopWeight": 2
}