{
  //Hammer and Excavator durability multiplier
  "durabilityMultiplier": 5,
  //Spawn rates for Uvarovite ore
  "uvaroviteMaxHeight": 20,
  "uvaroviteMinHeight": -60,
  "uvaroviteVeinSize": 4,
  "uvaroviteVeinsPerChunk": 2,
  //Spawn rates for Kunzite ore
  "kunziteMaxHeight": -30,
  "kunziteMinHeight": -60,
  "kunziteVeinSize": 4,
  "kunziteVeinsPerChunk": 2,
  //Spawn rates for Stibnite ore
  "stibniteMaxHeight": 256,
  "stibniteMinHeight": 0,
  "stibniteVeinSize": 3,
  "stibniteVeinsPerChunk": 4,
  //Spawn rates for Astrite ore
  "astriteMaxHeight": 256,
  "astriteMinHeight": 0,
  "astriteVeinSize": 3,
  "astriteVeinsPerChunk": 4
}
