{
  "performVersionCheck": true,
  "origins": {
    "vampiricorigin:vampire_ghost": {
      "enabled": true,
      "vampiricorigin:bloodsource": true,
      "vampiricorigin:bloodyspit": true,
      "vampiricorigin:bloodyveins": true,
      "vampiricorigin:bloodybomb": true,
      "vampiricorigin:light": true,
      "vampiricorigin:nobody": true,
      "vampiricorigin:nohands": true,
      "vampiricorigin:sucker": true,
      "vampiricorigin:sun": true,
      "vampiricorigin:transparent": true,
      "vampiricorigin:undead": true,
      "vampiricorigin:vampire": true,
      "vampiricorigin:undeadleech": true
    },
    "moborigins:witch": {
      "enabled": true,
      "moborigins:better_potions": true,
      "moborigins:potion_action": true,
      "moborigins:witch_particles": true,
      "moborigins:pillager_aligned": true,
      "moborigins:illager": true
    },
    "moborigins:drowned": {
      "enabled": true,
      "moborigins:trident_expert": true,
      "moborigins:water_vision": true,
      "moborigins:guardian_ally": true,
      "moborigins:water_combatant": true,
      "moborigins:undead": true,
      "moborigins:zombie_hunger": true,
      "moborigins:surface_slowness": true,
      "origins:carnivore": true
    },
    "origins-classes:warrior": {
      "enabled": true,
      "origins-classes:more_attack_damage": true,
      "origins-classes:less_shield_slowdown": true
    },
    "origins:elytrian": {
      "enabled": true,
      "origins:elytra": true,
      "origins:launch_into_air": true,
      "origins:aerial_combatant": true,
      "origins:light_armor": true,
      "origins:claustrophobia": true,
      "origins:more_kinetic_damage": true
    },
    "grounded_origins:deer": {
      "enabled": true,
      "origins:vegetarian": true,
      "grounded_origins:deer/forest_native": true,
      "grounded_origins:deer/berry_good": true,
      "grounded_origins:deer/oh_deer": true,
      "grounded_origins:deer/lightweight": true,
      "grounded_origins:deer/springed_step": true,
      "grounded_origins:deer/hooved_grace": true
    },
    "moborigins:bee": {
      "enabled": true,
      "moborigins:stinger": true,
      "moborigins:flower_power": true,
      "moborigins:queen_bee": true,
      "moborigins:small_bug": true,
      "moborigins:bee_wings": true,
      "origins:vegetarian": true
    },
    "origins-classes:explorer": {
      "enabled": true,
      "origins-classes:explorer_kit": true,
      "origins-classes:no_sprint_exhaustion": true
    },
    "rpg_origins:knight": {
      "enabled": true,
      "rpg_origins:sword": true,
      "origins:more_exhaustion": true,
      "rpg_origins:prepared": true,
      "rpg_origins:trained": true
    },
    "origins-classes:rancher": {
      "enabled": true,
      "origins-classes:twin_breeding": true,
      "origins-classes:more_animal_loot": true
    },
    "origins:blazeborn": {
      "enabled": true,
      "origins:fire_immunity": true,
      "origins:nether_spawn": true,
      "origins:burning_wrath": true,
      "origins:hotblooded": true,
      "origins:water_vulnerability": true,
      "origins:flame_particles": true,
      "origins:damage_from_snowballs": true,
      "origins:damage_from_potions": true
    },
    "origins-classes:farmer": {
      "enabled": true,
      "origins-classes:more_crop_drops": true,
      "origins-classes:better_bone_meal": true
    },
    "rpg_origins:brute": {
      "enabled": true,
      "rpg_origins:no_time_to_rest": true,
      "origins:no_shield": true,
      "origins:strong_arms": true,
      "rpg_origins:select_targets_strong": true,
      "origins:strong_arms_break_speed": true,
      "origins:natural_armor": true,
      "rpg_origins:select_targets_weak": true
    },
    "extraorigins:floran": {
      "enabled": true,
      "extraorigins:green_thumb": true,
      "extraorigins:photosynthesis": true,
      "extraorigins:absorbing": true,
      "extraorigins:flammable": true,
      "extraorigins:nectarivore": true
    },
    "origins-classes:miner": {
      "enabled": true,
      "origins-classes:more_stone_break_speed": true,
      "origins-classes:no_mining_exhaustion": true
    },
    "rpg_origins:mage": {
      "enabled": true,
      "rpg_origins:fastcure": true,
      "rpg_origins:not_the_strongest": true,
      "rpg_origins:fireball": true,
      "rpg_origins:water_walk": true,
      "rpg_origins:unwieldly": true
    },
    "origins-classes:cook": {
      "enabled": true,
      "origins-classes:better_crafted_food": true,
      "origins-classes:more_smoker_xp": true
    },
    "rpg_origins:thief": {
      "enabled": true,
      "rpg_origins:speedy": true,
      "rpg_origins:stealthy": true,
      "origins:no_shield": true,
      "rpg_origins:better_unnoticed": true,
      "rpg_origins:uneasy_alliance": true,
      "rpg_origins:thefty": true
    },
    "grounded_origins:beach_crab": {
      "enabled": true,
      "grounded_origins:beach_crab/home": true,
      "grounded_origins:beach_crab/rave": true,
      "grounded_origins:beach_crab/krusty": true,
      "grounded_origins:beach_crab/legs_n_chelipeds": true,
      "grounded_origins:beach_crab/crawler": true,
      "grounded_origins:beach_crab/pincers": true,
      "grounded_origins:beach_crab/shell": true,
      "grounded_origins:beach_crab/crustacean_gills": true,
      "grounded_origins:beach_crab/kelpomaniac": true,
      "origins:aqua_affinity": true,
      "origins:no_shield": true
    },
    "fantasyraces:human": {
      "enabled": true
    },
    "grounded_origins:penguin": {
      "enabled": true,
      "grounded_origins:penguin/happy_feet": true,
      "grounded_origins:penguin/cold_embrace": true,
      "grounded_origins:penguin/belly_sledding": true,
      "origins:fragile": true,
      "grounded_origins:penguin/fuzzy_fur": true,
      "grounded_origins:penguin/aquatic_diet": true,
      "grounded_origins:penguin/webbed_feet": true,
      "grounded_origins:penguin/aquatic_lunge": true,
      "grounded_origins:penguin/fish_hunter": true
    },
    "moborigins:wolf": {
      "enabled": true,
      "moborigins:wolf_body": true,
      "moborigins:full_moon": true,
      "moborigins:alpha_wolf": true,
      "moborigins:wolf_howl": true,
      "moborigins:wolf_pack": true,
      "origins:carnivore": true
    },
    "fantasyraces:dwarf": {
      "enabled": true,
      "fantasyraces:size_modifiers/dwarfwidth": true,
      "fantasyraces:damage_taken_modifiers/poisonresist": true,
      "fantasyraces:status_effect_modifiers/haste": true,
      "fantasyraces:speed_modifiers/dwarfspeed": true,
      "fantasyraces:zmisc_modifiers/deepsleep": true
    },
    "origins-classes:blacksmith": {
      "enabled": true,
      "origins-classes:quality_equipment": true,
      "origins-classes:efficient_repairs": true
    },
    "fantasyraces:pixeling": {
      "enabled": true,
      "fantasyraces:speed_modifiers/quartertallflight": true,
      "fantasyraces:health_modifiers/threeheart": true,
      "fantasyraces:size_modifiers/micro": true,
      "fantasyraces:zmisc_modifiers/pixeling_hold/sugar": true,
      "fantasyraces:zmisc_modifiers/pixeling_hold/feather": true,
      "fantasyraces:zmisc_modifiers/pixeling_hold/rocket": true,
      "fantasyraces:zmisc_modifiers/pixeling_hold/string": true,
      "fantasyraces:fall_modifiers/microfall": true,
      "fantasyraces:diet_modifiers/miniscule": true,
      "fantasyraces:biome_modifiers/nocold": true,
      "fantasyraces:skills/climbing": true,
      "fantasyraces:on-hit_modifiers/weak": true
    },
    "origins-classes:rogue": {
      "enabled": true,
      "origins-classes:sneaky": true,
      "origins-classes:stealth": true,
      "origins-classes:stealth_descriptor": true
    },
    "moborigins:strider": {
      "enabled": true,
      "origins:fire_immunity": true,
      "origins:nether_spawn": true,
      "origins:water_vulnerability": true,
      "moborigins:lava_walk": true,
      "moborigins:surface_slowness": true,
      "moborigins:rideable_creature": true,
      "moborigins:strider_shake": true,
      "moborigins:warped_fungus_eater": true
    },
    "origins-classes:nitwit": {
      "enabled": true
    },
    "origins:enderian": {
      "enabled": true,
      "origins:throw_ender_pearl": true,
      "origins:water_vulnerability": true,
      "origins:pumpkin_hate": true,
      "origins:extra_reach": true,
      "origins:ender_particles": true,
      "origins:damage_from_potions": true
    },
    "origins:feline": {
      "enabled": true,
      "origins:fall_immunity": true,
      "origins:sprint_jump": true,
      "origins:velvet_paws": true,
      "origins:nine_lives": true,
      "origins:weak_arms": true,
      "origins:scare_creepers": true,
      "origins:cat_vision": true
    },
    "fantasyraces:elf": {
      "enabled": true,
      "fantasyraces:size_modifiers/twoandahalfblockstall": true,
      "fantasyraces:jumping_modifiers/threetalljump": true,
      "fantasyraces:speed_modifiers/threetallspeed": true,
      "fantasyraces:diet_modifiers/weak_stomach": true,
      "fantasyraces:size_modifiers/elfwidth": true,
      "fantasyraces:skills/careful": true
    },
    "rpg_origins:cleric": {
      "enabled": true,
      "rpg_origins:villagefriendly": true,
      "rpg_origins:not_the_strongest": true,
      "rpg_origins:brewer_jumpboost": true,
      "rpg_origins:brewer_speed": true,
      "rpg_origins:brewer_strength": true,
      "rpg_origins:brewer_regeneration": true,
      "rpg_origins:heal_pool": true
    },
    "moborigins:guardian": {
      "enabled": true,
      "moborigins:guardian_spikes": true,
      "moborigins:guardian_ally": true,
      "moborigins:prismarine_skin": true,
      "moborigins:surface_weakness": true,
      "moborigins:slippery": true,
      "origins:water_breathing": true,
      "origins:water_vision": true,
      "origins:aqua_affinity": true,
      "origins:swim_speed": true,
      "origins:like_water": true,
      "origins:aquatic": true,
      "origins:conduit_power_on_land": true,
      "origins:air_from_potions": true
    },
    "origins:phantom": {
      "enabled": true,
      "origins:phantomize": true,
      "origins:translucent": true,
      "origins:phasing": true,
      "origins:invisibility": true,
      "origins:burn_in_daylight": true,
      "origins:hunger_over_time": true,
      "origins:fragile": true,
      "origins:phantomize_overlay": true
    },
    "origins-classes:beastmaster": {
      "enabled": true,
      "origins-classes:tamed_animal_boost": true,
      "origins-classes:tamed_potion_diffusal": true
    },
    "origins-classes:merchant": {
      "enabled": true,
      "origins-classes:trade_availability": true,
      "origins-classes:rare_wandering_loot": true
    },
    "moborigins:elder_guardian": {
      "enabled": true,
      "moborigins:elder_spikes": true,
      "moborigins:elder_magic": true,
      "moborigins:mining_fatigue_immune": true,
      "moborigins:guardian_ally": true,
      "moborigins:prismarine_skin": true,
      "moborigins:surface_weakness": true,
      "moborigins:slippery": true,
      "origins:water_breathing": true,
      "origins:water_vision": true,
      "origins:aqua_affinity": true,
      "origins:swim_speed": true,
      "origins:like_water": true,
      "origins:aquatic": true,
      "origins:conduit_power_on_land": true,
      "origins:air_from_potions": true
    },
    "origins:avian": {
      "enabled": true,
      "origins:slow_falling": true,
      "origins:fresh_air": true,
      "origins:like_air": true,
      "origins:tailwind": true,
      "origins:lay_eggs": true,
      "origins:vegetarian": true
    },
    "origins-classes:archer": {
      "enabled": true,
      "origins-classes:no_projectile_divergence": true,
      "origins-classes:less_bow_slowdown": true
    },
    "grounded_origins:moth": {
      "enabled": true,
      "grounded_origins:moth/insect": true,
      "grounded_origins:moth/winged": true,
      "grounded_origins:moth/flutter": true,
      "grounded_origins:moth/pollinator": true,
      "grounded_origins:moth/fibrous_diet": true,
      "grounded_origins:moth/nectar_production": true,
      "grounded_origins:moth/four_arms": true,
      "grounded_origins:moth/water_vulnerability": true,
      "grounded_origins:moth/flammable": true,
      "grounded_origins:moth/phototactic": true,
      "grounded_origins:moth/nocturnal": true
    },
    "origins:human": {
      "enabled": true
    },
    "origins-classes:lumberjack": {
      "enabled": true,
      "origins-classes:tree_felling": true,
      "origins-classes:more_planks_from_logs": true
    },
    "moborigins:evoker": {
      "enabled": true,
      "moborigins:summon_fangs": true,
      "moborigins:lower_totem_chance": true,
      "moborigins:pillager_aligned": true,
      "moborigins:illager": true
    },
    "rpg_origins:archer": {
      "enabled": true,
      "rpg_origins:marksman": true,
      "rpg_origins:not_the_strongest": true,
      "rpg_origins:inexperienced": true
    },
    "extraorigins:piglin": {
      "enabled": true,
      "extraorigins:all_that_glitters": true,
      "extraorigins:piglin_neutrality": true,
      "extraorigins:crossbow_master": true,
      "origins:nether_spawn": true,
      "extraorigins:homesick": true,
      "origins:carnivore": true,
      "extraorigins:flabby": true,
      "extraorigins:soul_spooked": true
    },
    "origins:shulk": {
      "enabled": true,
      "origins:shulker_inventory": true,
      "origins:natural_armor": true,
      "origins:strong_arms": true,
      "origins:strong_arms_break_speed": true,
      "origins:no_shield": true,
      "origins:more_exhaustion": true
    },
    "origins-classes:cleric": {
      "enabled": true,
      "origins-classes:longer_potions": true,
      "origins-classes:better_enchanting": true
    },
    "foxboi_two:foxboi_two": {
      "enabled": true,
      "foxboi_two:pounce": true,
      "foxboi_two:pounce_aerialdamage": true,
      "foxboi_two:pounce_falling": true,
      "foxboi_two:phantomize": true,
      "foxboi_two:phasing": true,
      "foxboi_two:phasing_jump": true,
      "foxboi_two:invisibility": true,
      "foxboi_two:fox_pouch": true,
      "foxboi_two:fox_pouch_sound": true,
      "foxboi_two:run": true,
      "origins:fall_immunity": true,
      "foxboi_two:speed": true,
      "foxboi_two:fragilefox": true,
      "foxboi_two:smolman": true,
      "foxboi_two:yummy_berries": true,
      "foxboi_two:zberry_no_hurt": true,
      "foxboi_two:armor": true,
      "foxboi_two:paws": true,
      "foxboi_two:phase_fix": true,
      "foxboi_two:paws_shield": true,
      "foxboi_two:hungy": true,
      "foxboi_two:fox_eyes": true,
      "foxboi_two:monch": true,
      "foxboi_two:yum": true
    },
    "origins:merling": {
      "enabled": true,
      "origins:water_breathing": true,
      "origins:water_vision": true,
      "origins:aqua_affinity": true,
      "origins:swim_speed": true,
      "origins:like_water": true,
      "origins:aquatic": true,
      "origins:conduit_power_on_land": true,
      "origins:air_from_potions": true
    },
    "origins:arachnid": {
      "enabled": true,
      "origins:climbing": true,
      "origins:master_of_webs": true,
      "origins:carnivore": true,
      "origins:fragile": true,
      "origins:arthropod": true
    },
    "extraorigins:inchling": {
      "enabled": true,
      "extraorigins:bite_sized": true,
      "extraorigins:nimble": true,
      "extraorigins:small_appetite": true,
      "origins:climbing": true,
      "extraorigins:jockey": true
    },
    "craw:craw": {
      "enabled": true,
      "craw:caw": true,
      "craw:craft": true,
      "craw:flap": true,
      "craw:senses": true,
      "craw:greedy": true,
      "craw:undetectable": true,
      "craw:mate": true,
      "craw:torn": true,
      "craw:spawn": true,
      "craw:egg": true,
      "craw:pet": true,
      "craw:small": true,
      "craw:rivals": true,
      "craw:fly": true,
      "craw:saturation": true,
      "craw:fall": true,
      "craw:energy": true,
      "craw:takeoff": true,
      "craw:regen": true,
      "craw:material": true,
      "craw:night": true,
      "craw:arrow": true,
      "craw:cursed": true,
      "craw:flammable": true,
      "craw:skin": true,
      "craw:water": true,
      "craw:hunter": true,
      "craw:shiny": true,
      "craw:wing": true
    },
    "extraorigins:truffle": {
      "enabled": true,
      "extraorigins:magic_spores": true,
      "extraorigins:infestation": true,
      "extraorigins:rooted": true,
      "extraorigins:decomposition": true
    },
    "moborigins:fox": {
      "enabled": true,
      "moborigins:timid_creature": true,
      "moborigins:better_berries": true,
      "moborigins:careful_gatherer": true,
      "moborigins:item_collector": true,
      "moborigins:sly": true,
      "moborigins:small_fox": true
    },
    "moborigins:snowgolem": {
      "enabled": true,
      "origins:water_vulnerability": true,
      "moborigins:temperature": true,
      "moborigins:overheat": true,
      "moborigins:melting": true,
      "moborigins:stronger_snowballs": true,
      "moborigins:snow_trail": true,
      "moborigins:frigid_strength": true
    },
    "moborigins:slime": {
      "enabled": true,
      "moborigins:bouncy": true,
      "moborigins:slime_color": true,
      "moborigins:split": true,
      "moborigins:small_weak": true,
      "origins:fall_immunity": true
    },
    "haema:vampire": {
      "enabled": true,
      "haema:vampire": true,
      "haema:ritualistic": true,
      "haema:night_vision": true,
      "haema:vampiric_strength": true,
      "haema:dash": true
    }
  }
}