{
  "purple_moonlight_greatsword": false,
  "disable_all_legendary_recipes": false,
  "disable_gun_recipes": false,
  "disable_recipe_bloodthirster": false,
  "disable_recipe_comet_spear": false,
  "disable_recipe_darkin_blade": false,
  "disable_recipe_dawnbreaker": false,
  "disable_recipe_heap_of_raw_iron": false,
  "disable_recipe_dragonslayer_swordspear": false,
  "disable_recipe_dragon_staff": false,
  "disable_recipe_galeforce": false,
  "disable_recipe_rageblade": false,
  "disable_recipe_lich_bane": false,
  "disable_recipe_moonlight_greatsword": false,
  "disable_recipe_moonlight_shortsword": false,
  "disable_recipe_nightfall": false,
  "disable_recipe_soul_reaper": false,
  "disable_recipe_whirligig_sawblade": false,
  "disable_recipe_withered_wabbajack": false,
  "disable_recipe_leviathan_axe": false,
  "withered_demon_spawnrate": 10,
  "moderatly_sized_chungus_spawnrate": 20,
  "evil_forlorn_spawnrate": 10,
  "can_withered_demon_spawn": true,
  "can_moderatly_sized_chungus_spawn": true,
  "can_evil_forlorn_spawn": true,
  "bloodthirster_damage": 8,
  "bloodthirster_overshields": true,
  "lifesteal_item_base_healing": 2,
  "lifesteal_item_heal_scales": true,
  "bluemoon_greatsword_damage": 8,
  "bluemoon_shortsword_damage": 7,
  "comet_spear_damage": 7,
  "comet_spear_projectile_damage": 5.0,
  "comet_spear_grant_slow_falling": true,
  "darkin_blade_damage": 10,
  "darkin_blade_ability_damage": 7,
  "dawnbreaker_damage": 8,
  "dawnbreaker_ability_damage": 10.0,
  "dawnbreaker_ability_chance_modifier": 0.0,
  "dawnbreaker_affect_all_entities": false,
  "heap_of_raw_iron_damage": 9,
  "dragonslayer_swordspear_damage": 7,
  "dragonslayer_swordspear_projectile_damage": 2.0,
  "dragonslayer_swordspear_ability_damage": 6.0,
  "dragonslayer_swordspear_lightning_amount": 1,
  "dragon_staff_damage": 7,
  "dragon_staff_aura_strength": 1,
  "draugr_damage_at_night": 10,
  "forlorn_scythe_damage": 9,
  "galeforce_bonus_damage": 1.0,
  "rageblade_damage": 7,
  "rageblade_haste_cap": true,
  "leviathan_axe_damage": 9,
  "leviathan_axe_projectile_damage": 5.0,
  "lich_bane_damage": 6,
  "lich_bane_bonus_magic_damage": 4,
  "moonlight_greatsword_damage": 9,
  "moonlight_greatsword_projectile_damage": 7.0,
  "moonlight_shortsword_damage": 8,
  "moonlight_shortsword_projectile_damage": 2.0,
  "moonlight_shortsword_projectile_cooldown": 13,
  "moonlight_shortsword_enable_right_click": false,
  "moonlight_shortsword_enable_left_click": true,
  "nightfall_damage": 10,
  "nightfall_ability_damage": 10.0,
  "nightfall_ability_shield_power": 2,
  "nightfall_summon_chance": 0.3,
  "soulreaper_damage": 9,
  "whirligig_sawblade_damage": 7,
  "whirligig_sawblade_ability_damage": 2.0,
  "withered_wabbajack_damage": 7,
  "blunderbuss_damage": 4,
  "gatling_gun_damage": 1,
  "hunter_cannon_damage": 10,
  "hunter_pistol_damage": 2,
  "decaying_king_health": 500.0,
  "decaying_king_attack_cooldown_ticks": 20,
  "decaying_king_special_cooldown_ticks": 60,
  "decaying_king_damage_modifier": 1.0,
  "returning_knight_health": 400.0,
  "returning_knight_attack_cooldown_ticks": 40,
  "returning_knight_special_cooldown_ticks": 80,
  "returning_knight_damage_modifier": 1.0,
  "old_champions_remains_health": 200.0,
  "old_champions_remains_attack_cooldown_ticks": 10,
  "old_champions_remains_damage_modifier": 1.0,
  "old_champions_remains_generic_damage": 10.0,
  "frenzied_shade_health": 100.0,
  "frenzied_shade_generic_damage": 6.0,
  "chaos_monarch_health": 400.0,
  "chaos_monarch_attack_cooldown_ticks": 20,
  "chaos_monarch_damage_modifier": 1.0
}