{
  "CONFIG_VERSION_DONT_TOUCH_THIS": 1,
  "_comment": "Before changing anything, see https://github.com/Patbox/StyledNicknames#configuration",
  "allowByDefault": false,
  "nicknameFormat": "#${nickname}",
  "maxLength": 32,
  "changeDisplayName": true,
  "changePlayerListName": false,
  "allowLegacyFormatting": false,
  "nicknameChangedMessage": "Your nickname has been changed to ${nickname}",
  "nicknameResetMessage": "Your nickname has been removed!",
  "defaultEnabledFormatting": {
    "dark_red": false,
    "color": false,
    "underline": false,
    "yellow": false,
    "hard_gradient": false,
    "italic": false,
    "dark_blue": false,
    "dark_purple": false,
    "gold": false,
    "red": false,
    "aqua": false,
    "hover": false,
    "gray": false,
    "light_purple": false,
    "white": false,
    "dark_gray": false,
    "strikethrough": false,
    "obfuscated": false,
    "change_page": false,
    "green": false,
    "dark_green": false,
    "gradient": false,
    "black": false,
    "bold": false,
    "rainbow": false,
    "blue": false,
    "dark_aqua": false,
    "reset": false
  },
  "tooLongMessage": "This nickname is too long!"
}